<?xml version="1.0" encoding="utf-8"?>
<pindata xsi:schemaLocation="http://cypress.com/xsd/cypindata_v2 ../../dtd/cypindata_v2.xsd" device="CYBLE-022001-00" package="21-SMT" xmlns:xsi="http://www.w3.org/2001/XMLSchema-instance" xmlns="http://cypress.com/xsd/cypindata_v2">
  <capabilities>
    <capability name="DIGITAL" value="0x0000000000000001" />
    <capability name="ANALOG" value="0x0000000000000002" />
    <capability name="ROUTABLE" value="0x0000000000000004" />
    <capability name="GPIO" value="0x0000000000000010" />
    <capability name="SIO" value="0x0000000000000020" />
    <capability name="OVTIO" value="0x0000000000000040" />
    <capability name="TRUETOUCH" value="0x0000000000000080" />
    <capability name="DAC_HI_OUT" value="0x0000000000000100" />
    <capability name="ABUF_POS" value="0x0000000000000200" />
    <capability name="ABUF_OUT" value="0x0000000000000400" />
    <capability name="ABUF_NEG" value="0x0000000000000800" />
    <capability name="SWD" value="0x0000000000001000" />
    <capability name="SWO" value="0x0000000000002000" />
    <capability name="JTAG" value="0x0000000000004000" />
    <capability name="JTAG_NTRST" value="0x0000000000008000" />
    <capability name="XRES" value="0x0000000000010000" />
    <capability name="TRACE" value="0x0000000000020000" />
    <capability name="WAKEUP" value="0x0000000000040000" />
    <capability name="I2CWKUP_SDA" value="0x0000000000100000" />
    <capability name="I2CWKUP_SCL" value="0x0000000000200000" />
    <capability name="USB_D_PLUS" value="0x0000000000400000" />
    <capability name="USB_D_MINUS" value="0x0000000000800000" />
    <capability name="ECO_MHZ_XO" value="0x0000000001000000" />
    <capability name="ECO_MHZ_XI" value="0x0000000002000000" />
    <capability name="ECO_32KHZ_XO" value="0x0000000004000000" />
    <capability name="ECO_32KHZ_XI" value="0x0000000008000000" />
    <capability name="DSM_EXT_PIN_ONE" value="0x0000000010000000" />
    <capability name="DSM_EXT_PIN_TWO" value="0x0000000020000000" />
    <capability name="SAR_EXT_PIN" value="0x0000000040000000" />
    <capability name="EXTSYNC" value="0x0000000100000000" />
    <capability name="EXTREJECT" value="0x0000000200000000" />
    <capability name="EXTCLK" value="0x0000000400000000" />
    <capability name="EXT_VREF" value="0x0000000800000000" />
    <capability name="PORT_INTERRUPT" value="0x0000001000000000" />
    <capability name="HOTSWAP" value="0x0000002000000000" />
    <capability name="LCD_COM" value="0x0000004000000000" />
    <capability name="LCD_SEG" value="0x0000008000000000" />
    <capability name="CSD_SHIELD_TANK" value="0x0000010000000000" />
    <capability name="CSD_CMOD" value="0x0000020000000000" />
  </capabilities>
  <pins>
    <pin number="2" name="GND">
      <pad name="VSSA_1" number="67" ioSupplyPin="VDDIO_2" powerPadNames="VSSA_1" capabilities="0x0000000000000000" />
      <pad name="VSSIO_2" number="77" ioSupplyPin="VDDIO_2" powerPadNames="VSSIO_2" capabilities="0x0000000000000000" />
      <pad name="VSSD_2" number="78" ioSupplyPin="VDDIO_2" powerPadNames="VSSD_2" capabilities="0x0000000000000000" />
      <pad name="VSSA_SRSS" number="80" ioSupplyPin="VDDIO_2" powerPadNames="VSSA_SRSS" capabilities="0x0000000000000000" />
      <pad name="VSUB_ANA_0" number="55" ioSupplyPin="VDDIO_2" powerPadNames="VSUB_ANA_0" capabilities="0x0000000000000000" />
      <pad name="VSUB_ANA_1" number="66" ioSupplyPin="VDDIO_2" powerPadNames="VSUB_ANA_1" capabilities="0x0000000000000000" />
      <pad name="VSSA_CTB" number="54" ioSupplyPin="VDDIO_2" powerPadNames="VSSA_CTB" capabilities="0x0000000000000000" />
      <pad name="VSSA_0" number="56" ioSupplyPin="VDDIO_2" powerPadNames="VSSA_0" capabilities="0x0000000000000000" />
      <pad name="VSUB_1" number="79" ioSupplyPin="VDDIO_2" powerPadNames="VSUB_1" capabilities="0x0000000000000000" />
      <pad name="VSSIO_0" number="9" ioSupplyPin="VDDIO_0" powerPadNames="VSSIO_0" capabilities="0x0000000000000000" />
      <pad name="VSSD_0" number="10" ioSupplyPin="VDDIO_0" powerPadNames="VSSD_0" capabilities="0x0000000000000000" />
      <pad name="VSSIO_1" number="32" ioSupplyPin="VDDIO_1" powerPadNames="VSSIO_1" capabilities="0x0000000000000000" />
      <pad name="VSSIO_3" number="42" ioSupplyPin="VDDIO_1" powerPadNames="VSSIO_3" capabilities="0x0000000000000000" />
      <pad name="VSSD_1" number="43" ioSupplyPin="VDDIO_2" powerPadNames="VSSD_1" capabilities="0x0000000000000000" />
      <pad name="VSSR_SUB" number="11" ioSupplyPin="VDDR_HLS" powerPadNames="VSSR_SUB" capabilities="0x0000000000000000" />
      <pad name="VSSR_DIG" number="13" ioSupplyPin="VDDR_HLS" powerPadNames="VSSR_DIG" capabilities="0x0000000000000000" />
      <pad name="VSUB_0" number="31" ioSupplyPin="VDDIO_1" powerPadNames="VSUB_0" capabilities="0x0000000000000000" />
      <pad name="VSSR_BGLS" number="15" ioSupplyPin="VDDR_BGLS" powerPadNames="VSSR_BGLS" capabilities="0x0000000000000000" />
      <pad name="VSSR_HF_3" number="19" ioSupplyPin="VDDR_HF" powerPadNames="VSSR_HF_3" capabilities="0x0000000000000000" />
      <pad name="VSSR_HF_2" number="21" ioSupplyPin="VDDR_HF" powerPadNames="VSSR_HF_2" capabilities="0x0000000000000000" />
      <pad name="VSSR_HF_1" number="22" ioSupplyPin="VDDR_HF" powerPadNames="VSSR_HF_1" capabilities="0x0000000000000000" />
      <pad name="VSSR_HF_0" number="24" ioSupplyPin="VDDR_HF" powerPadNames="VSSR_HF_0" capabilities="0x0000000000000000" />
      <pad name="VSSR_LF_1" number="25" ioSupplyPin="VDDR_LF" powerPadNames="VSSR_LF_1" capabilities="0x0000000000000000" />
      <pad name="VSSR_LF_0" number="28" ioSupplyPin="VDDR_LF" powerPadNames="VSSR_LF_0" capabilities="0x0000000000000000" />
      <pad name="VSSR_LF_2" number="30" ioSupplyPin="VDDR_LF" powerPadNames="VSSR_LF_2" capabilities="0x0000000000000000" />
      <pad name="VSSR_BGLS" number="15" ioSupplyPin="VDDR_BGLS" powerPadNames="VSSR_BGLS" capabilities="0x0000000000000000" />
      <pad name="VSSR_HF_3" number="19" ioSupplyPin="VDDR_HF" powerPadNames="VSSR_HF_3" capabilities="0x0000000000000000" />
      <pad name="VSSR_HF_2" number="21" ioSupplyPin="VDDR_HF" powerPadNames="VSSR_HF_2" capabilities="0x0000000000000000" />
      <pad name="VSSR_HF_1" number="22" ioSupplyPin="VDDR_HF" powerPadNames="VSSR_HF_1" capabilities="0x0000000000000000" />
      <pad name="VSSR_HF_0" number="24" ioSupplyPin="VDDR_HF" powerPadNames="VSSR_HF_0" capabilities="0x0000000000000000" />
      <pad name="VSSR_LF_1" number="25" ioSupplyPin="VDDR_LF" powerPadNames="VSSR_LF_1" capabilities="0x0000000000000000" />
      <pad name="VSSR_LF_0" number="28" ioSupplyPin="VDDR_LF" powerPadNames="VSSR_LF_0" capabilities="0x0000000000000000" />
      <pad name="VSSR_LF_2" number="30" ioSupplyPin="VDDR_LF" powerPadNames="VSSR_LF_2" capabilities="0x0000000000000000" />
      <pad name="VSSR_BGLS" number="15" ioSupplyPin="VDDR_BGLS" powerPadNames="VSSR_BGLS" capabilities="0x0000000000000000" />
      <pad name="VSSR_HF_3" number="19" ioSupplyPin="VDDR_HF" powerPadNames="VSSR_HF_3" capabilities="0x0000000000000000" />
      <pad name="VSSR_HF_2" number="21" ioSupplyPin="VDDR_HF" powerPadNames="VSSR_HF_2" capabilities="0x0000000000000000" />
      <pad name="VSSR_HF_1" number="22" ioSupplyPin="VDDR_HF" powerPadNames="VSSR_HF_1" capabilities="0x0000000000000000" />
      <pad name="VSSR_HF_0" number="24" ioSupplyPin="VDDR_HF" powerPadNames="VSSR_HF_0" capabilities="0x0000000000000000" />
      <pad name="VSSR_LF_1" number="25" ioSupplyPin="VDDR_LF" powerPadNames="VSSR_LF_1" capabilities="0x0000000000000000" />
      <pad name="VSSR_LF_0" number="28" ioSupplyPin="VDDR_LF" powerPadNames="VSSR_LF_0" capabilities="0x0000000000000000" />
      <pad name="VSSR_LF_2" number="30" ioSupplyPin="VDDR_LF" powerPadNames="VSSR_LF_2" capabilities="0x0000000000000000" />
      <pad name="VSSR_BGLS" number="15" ioSupplyPin="VDDR_BGLS" powerPadNames="VSSR_BGLS" capabilities="0x0000000000000000" />
      <pad name="VSSR_HF_3" number="19" ioSupplyPin="VDDR_HF" powerPadNames="VSSR_HF_3" capabilities="0x0000000000000000" />
      <pad name="VSSR_HF_2" number="21" ioSupplyPin="VDDR_HF" powerPadNames="VSSR_HF_2" capabilities="0x0000000000000000" />
      <pad name="VSSR_HF_1" number="22" ioSupplyPin="VDDR_HF" powerPadNames="VSSR_HF_1" capabilities="0x0000000000000000" />
      <pad name="VSSR_HF_0" number="24" ioSupplyPin="VDDR_HF" powerPadNames="VSSR_HF_0" capabilities="0x0000000000000000" />
      <pad name="VSSR_LF_1" number="25" ioSupplyPin="VDDR_LF" powerPadNames="VSSR_LF_1" capabilities="0x0000000000000000" />
      <pad name="VSSR_LF_0" number="28" ioSupplyPin="VDDR_LF" powerPadNames="VSSR_LF_0" capabilities="0x0000000000000000" />
      <pad name="VSSR_LF_2" number="30" ioSupplyPin="VDDR_LF" powerPadNames="VSSR_LF_2" capabilities="0x0000000000000000" />
      <pad name="VSSR_BGLS" number="15" ioSupplyPin="VDDR_BGLS" powerPadNames="VSSR_BGLS" capabilities="0x0000000000000000" />
      <pad name="VSSR_HF_3" number="19" ioSupplyPin="VDDR_HF" powerPadNames="VSSR_HF_3" capabilities="0x0000000000000000" />
      <pad name="VSSR_HF_2" number="21" ioSupplyPin="VDDR_HF" powerPadNames="VSSR_HF_2" capabilities="0x0000000000000000" />
      <pad name="VSSR_HF_1" number="22" ioSupplyPin="VDDR_HF" powerPadNames="VSSR_HF_1" capabilities="0x0000000000000000" />
      <pad name="VSSR_HF_0" number="24" ioSupplyPin="VDDR_HF" powerPadNames="VSSR_HF_0" capabilities="0x0000000000000000" />
      <pad name="VSSR_LF_1" number="25" ioSupplyPin="VDDR_LF" powerPadNames="VSSR_LF_1" capabilities="0x0000000000000000" />
      <pad name="VSSR_LF_0" number="28" ioSupplyPin="VDDR_LF" powerPadNames="VSSR_LF_0" capabilities="0x0000000000000000" />
      <pad name="VSSR_LF_2" number="30" ioSupplyPin="VDDR_LF" powerPadNames="VSSR_LF_2" capabilities="0x0000000000000000" />
    </pin>
    <pin number="17" name="GND">
      <pad name="VSSIO_0" number="9" ioSupplyPin="VDDIO_0" powerPadNames="VSSIO_0" capabilities="0x0000000000000000" />
      <pad name="VSSD_0" number="10" ioSupplyPin="VDDIO_0" powerPadNames="VSSD_0" capabilities="0x0000000000000000" />
    </pin>
    <pin number="18" name="P0[6]">
      <pad name="P0[6]" number="40" portId="0" pinId="6" ioSupplyPin="VDDIO_1" capabilities="0x000000D000001017">
        <ffbterm ffbtype="TCPWM" ffbid="2" term="line_out" />
        <ffbterm ffbtype="SCB" ffbid="0" term="uart_rts" alternative="1" />
        <ffbterm ffbtype="SCB" ffbid="0" term="rts" alternative="1" />
        <ffbterm ffbtype="M0S8LCD" ffbid="0" term="com" wire="6" />
        <ffbterm ffbtype="M0S8LCD" ffbid="0" term="seg" wire="6" />
        <ffbterm ffbtype="CPUSS" ffbid="0" term="swd_data" />
        <ffbterm ffbtype="SCB" ffbid="0" term="spi_select" wire="0" alternative="1" />
        <ffbterm ffbtype="SCB" ffbid="0" term="select_m" wire="0" alternative="1" resource="spi_select_0" />
        <ffbterm ffbtype="SCB" ffbid="0" term="select_m" wire="1" alternative="1" resource="spi_select_0" />
        <ffbterm ffbtype="SCB" ffbid="0" term="select_m" wire="2" alternative="1" resource="spi_select_0" />
        <ffbterm ffbtype="SCB" ffbid="0" term="select_m" wire="3" alternative="1" resource="spi_select_0" />
        <ffbterm ffbtype="SCB" ffbid="0" term="select_s" alternative="1" resource="spi_select_0" />
      </pad>
    </pin>
    <pin number="19" name="P1[7]">
      <pad name="P1[7]" number="51" portId="1" pinId="7" ioSupplyPin="VDDIO_2" capabilities="0x000000D000000217">
        <ffbterm ffbtype="TCPWM" ffbid="3" term="line_out_compl" alternative="1" />
        <ffbterm ffbtype="SCB" ffbid="0" term="uart_cts" />
        <ffbterm ffbtype="SCB" ffbid="0" term="cts" />
        <ffbterm ffbtype="M0S8LCD" ffbid="0" term="com" wire="15" />
        <ffbterm ffbtype="M0S8LCD" ffbid="0" term="seg" wire="15" />
        <ffbterm ffbtype="SCB" ffbid="0" term="spi_clk" />
        <ffbterm ffbtype="SCB" ffbid="0" term="sclk_m" />
        <ffbterm ffbtype="SCB" ffbid="0" term="sclk_s" />
        <ffbterm ffbtype="OA" ffbid="3" term="vplus" />
      </pad>
    </pin>
    <pin number="20" name="VDD">
      <pad name="VDDIO_0" number="1" ioSupplyPin="VDDIO_0" powerPadNames="VDDIO_0" capabilities="0x0000000000000000" />
      <pad name="VDDD_0" number="83" ioSupplyPin="VDDIO_2" powerPadNames="VDDD_0" capabilities="0x0000000000000000" />
      <pad name="VDDIO_2" number="84" ioSupplyPin="VDDIO_2" powerPadNames="VDDIO_2" capabilities="0x0000000000000000" />
      <pad name="VDDA" number="52" ioSupplyPin="VDDIO_2" powerPadNames="VDDA" capabilities="0x0000000000000000" />
      <pad name="VDDA_CTB" number="53" ioSupplyPin="VDDIO_2" powerPadNames="VDDA_CTB" capabilities="0x0000000000000000" />
      <pad name="VDDIO_1" number="37" ioSupplyPin="VDDIO_1" powerPadNames="VDDIO_1" capabilities="0x0000000000000000" />
    </pin>
    <pin number="21" name="XRES">
      <pad name="XRES" number="4" ioSupplyPin="VDDIO_0" capabilities="0x0000000000000000" />
    </pin>
    <pin number="22" name="P3[5]">
      <pad name="P3[5]" number="74" portId="3" pinId="5" ioSupplyPin="VDDIO_2" capabilities="0x000000D000000017">
        <ffbterm ffbtype="TCPWM" ffbid="2" term="line_out_compl" alternative="2" />
        <ffbterm ffbtype="SCB" ffbid="1" term="uart_tx" alternative="2" />
        <ffbterm ffbtype="SCB" ffbid="1" term="tx" alternative="2" />
        <ffbterm ffbtype="M0S8LCD" ffbid="0" term="com" wire="29" />
        <ffbterm ffbtype="M0S8LCD" ffbid="0" term="seg" wire="29" />
        <ffbterm ffbtype="SCB" ffbid="1" term="i2c_scl" alternative="2" />
        <ffbterm ffbtype="SCB" ffbid="1" term="scl" alternative="2" />
        <ffbterm ffbtype="SARMUX" ffbid="0" term="pads" wire="5" />
      </pad>
    </pin>
    <pin number="23" name="P3[4]">
      <pad name="P3[4]" number="73" portId="3" pinId="4" ioSupplyPin="VDDIO_2" capabilities="0x000000D000000017">
        <ffbterm ffbtype="TCPWM" ffbid="2" term="line_out" alternative="2" />
        <ffbterm ffbtype="SCB" ffbid="1" term="uart_rx" alternative="2" />
        <ffbterm ffbtype="SCB" ffbid="1" term="rx" alternative="2" />
        <ffbterm ffbtype="M0S8LCD" ffbid="0" term="com" wire="28" />
        <ffbterm ffbtype="M0S8LCD" ffbid="0" term="seg" wire="28" />
        <ffbterm ffbtype="SCB" ffbid="1" term="i2c_sda" alternative="2" />
        <ffbterm ffbtype="SCB" ffbid="1" term="sda" alternative="2" />
        <ffbterm ffbtype="SARMUX" ffbid="0" term="pads" wire="4" />
      </pad>
    </pin>
    <pin number="24" name="P3[7]">
      <pad name="P3[7]" number="76" portId="3" pinId="7" ioSupplyPin="VDDIO_2" capabilities="0x000000D000000017">
        <ffbterm ffbtype="TCPWM" ffbid="3" term="line_out_compl" alternative="2" />
        <ffbterm ffbtype="SCB" ffbid="1" term="uart_cts" alternative="2" />
        <ffbterm ffbtype="SCB" ffbid="1" term="cts" alternative="2" />
        <ffbterm ffbtype="M0S8LCD" ffbid="0" term="com" wire="31" />
        <ffbterm ffbtype="M0S8LCD" ffbid="0" term="seg" wire="31" />
        <ffbterm ffbtype="SRSS" ffbid="0" term="ext_clk_lf" />
        <ffbterm ffbtype="SARMUX" ffbid="0" term="pads" wire="7" />
      </pad>
    </pin>
    <pin number="26" name="P1[4]">
      <pad name="P1[4]" number="48" portId="1" pinId="4" ioSupplyPin="VDDIO_2" capabilities="0x000000D000000817">
        <ffbterm ffbtype="TCPWM" ffbid="2" term="line_out" alternative="1" />
        <ffbterm ffbtype="SCB" ffbid="0" term="uart_rx" />
        <ffbterm ffbtype="SCB" ffbid="0" term="rx" />
        <ffbterm ffbtype="M0S8LCD" ffbid="0" term="com" wire="12" />
        <ffbterm ffbtype="M0S8LCD" ffbid="0" term="seg" wire="12" />
        <ffbterm ffbtype="SCB" ffbid="0" term="i2c_sda" />
        <ffbterm ffbtype="SCB" ffbid="0" term="sda" />
        <ffbterm ffbtype="SCB" ffbid="0" term="spi_mosi" />
        <ffbterm ffbtype="SCB" ffbid="0" term="mosi_m" />
        <ffbterm ffbtype="SCB" ffbid="0" term="mosi_s" />
        <ffbterm ffbtype="OA" ffbid="3" term="vminus" />
      </pad>
    </pin>
    <pin number="27" name="P1[5]">
      <pad name="P1[5]" number="49" portId="1" pinId="5" ioSupplyPin="VDDIO_2" capabilities="0x000000D000000217">
        <ffbterm ffbtype="TCPWM" ffbid="2" term="line_out_compl" alternative="1" />
        <ffbterm ffbtype="SCB" ffbid="0" term="uart_tx" />
        <ffbterm ffbtype="SCB" ffbid="0" term="tx" />
        <ffbterm ffbtype="M0S8LCD" ffbid="0" term="com" wire="13" />
        <ffbterm ffbtype="M0S8LCD" ffbid="0" term="seg" wire="13" />
        <ffbterm ffbtype="SCB" ffbid="0" term="i2c_scl" />
        <ffbterm ffbtype="SCB" ffbid="0" term="scl" />
        <ffbterm ffbtype="SCB" ffbid="0" term="spi_miso" />
        <ffbterm ffbtype="SCB" ffbid="0" term="miso_m" />
        <ffbterm ffbtype="SCB" ffbid="0" term="miso_s" />
        <ffbterm ffbtype="OA" ffbid="3" term="vplus" />
      </pad>
    </pin>
    <pin number="3" name="P4[1]">
      <pad name="P4[1]" number="6" portId="4" pinId="1" ioSupplyPin="VDDIO_0" capabilities="0x000001D000000013">
        <ffbterm ffbtype="TCPWM" ffbid="0" term="line_out_compl" />
        <ffbterm ffbtype="SCB" ffbid="1" term="uart_cts" />
        <ffbterm ffbtype="SCB" ffbid="1" term="cts" />
        <ffbterm ffbtype="M0S8LCD" ffbid="0" term="com" wire="33" />
        <ffbterm ffbtype="M0S8LCD" ffbid="0" term="seg" wire="33" />
        <ffbterm ffbtype="SCB" ffbid="1" term="spi_miso" />
        <ffbterm ffbtype="SCB" ffbid="1" term="miso_m" />
        <ffbterm ffbtype="SCB" ffbid="1" term="miso_s" />
        <ffbterm ffbtype="CSD" ffbid="0" term="csh" />
      </pad>
    </pin>
    <pin number="28" name="P3[6]">
      <pad name="P3[6]" number="75" portId="3" pinId="6" ioSupplyPin="VDDIO_2" capabilities="0x000000D000000017">
        <ffbterm ffbtype="TCPWM" ffbid="3" term="line_out" alternative="2" />
        <ffbterm ffbtype="SCB" ffbid="1" term="uart_rts" alternative="2" />
        <ffbterm ffbtype="SCB" ffbid="1" term="rts" alternative="2" />
        <ffbterm ffbtype="M0S8LCD" ffbid="0" term="com" wire="30" />
        <ffbterm ffbtype="M0S8LCD" ffbid="0" term="seg" wire="30" />
        <ffbterm ffbtype="SARMUX" ffbid="0" term="pads" wire="6" />
      </pad>
    </pin>
    <pin number="29" name="P4[0]">
      <pad name="P4[0]" number="5" portId="4" pinId="0" ioSupplyPin="VDDIO_0" capabilities="0x000002D000000013">
        <ffbterm ffbtype="TCPWM" ffbid="0" term="line_out" />
        <ffbterm ffbtype="SCB" ffbid="1" term="uart_rts" />
        <ffbterm ffbtype="SCB" ffbid="1" term="rts" />
        <ffbterm ffbtype="M0S8LCD" ffbid="0" term="com" wire="32" />
        <ffbterm ffbtype="M0S8LCD" ffbid="0" term="seg" wire="32" />
        <ffbterm ffbtype="SCB" ffbid="1" term="spi_mosi" />
        <ffbterm ffbtype="SCB" ffbid="1" term="mosi_m" />
        <ffbterm ffbtype="SCB" ffbid="1" term="mosi_s" />
        <ffbterm ffbtype="CSD" ffbid="0" term="cmod" />
      </pad>
    </pin>
    <pin number="144" name="VREF">
      <pad name="VREF" number="65" ioSupplyPin="VDDIO_2" capabilities="0x0000000040000000">
        <ffbterm ffbtype="SARADC" ffbid="0" term="ext_vref" />
      </pad>
    </pin>
    <pin number="4" name="P5[1]">
      <pad name="P5[1]" number="8" portId="5" pinId="1" ioSupplyPin="VDDIO_0" capabilities="0x000000F400000053">
        <ffbterm ffbtype="TCPWM" ffbid="3" term="line_out_compl" />
        <ffbterm ffbtype="SCB" ffbid="1" term="uart_tx" />
        <ffbterm ffbtype="SCB" ffbid="1" term="tx" />
        <ffbterm ffbtype="SRSS" ffbid="0" term="ext_clk" alternative="2" />
        <ffbterm ffbtype="M0S8LCD" ffbid="0" term="com" wire="35" />
        <ffbterm ffbtype="M0S8LCD" ffbid="0" term="seg" wire="35" />
        <ffbterm ffbtype="SCB" ffbid="1" term="i2c_scl" />
        <ffbterm ffbtype="SCB" ffbid="1" term="scl" />
        <ffbterm ffbtype="SCB" ffbid="1" term="spi_clk" />
        <ffbterm ffbtype="SCB" ffbid="1" term="sclk_m" />
        <ffbterm ffbtype="SCB" ffbid="1" term="sclk_s" />
      </pad>
    </pin>
    <pin number="5" name="P5[0]">
      <pad name="P5[0]" number="7" portId="5" pinId="0" ioSupplyPin="VDDIO_0" capabilities="0x000000F000000053">
        <ffbterm ffbtype="TCPWM" ffbid="3" term="line_out" />
        <ffbterm ffbtype="SCB" ffbid="1" term="uart_rx" />
        <ffbterm ffbtype="SCB" ffbid="1" term="rx" />
        <ffbterm ffbtype="BLE" ffbid="0" term="rfctrl_extpa_en" />
        <ffbterm ffbtype="M0S8LCD" ffbid="0" term="com" wire="34" />
        <ffbterm ffbtype="M0S8LCD" ffbid="0" term="seg" wire="34" />
        <ffbterm ffbtype="SCB" ffbid="1" term="i2c_sda" />
        <ffbterm ffbtype="SCB" ffbid="1" term="sda" />
        <ffbterm ffbtype="SCB" ffbid="1" term="spi_select" wire="0" />
        <ffbterm ffbtype="SCB" ffbid="1" term="select_m" wire="0" resource="spi_select_0" />
        <ffbterm ffbtype="SCB" ffbid="1" term="select_m" wire="1" resource="spi_select_0" />
        <ffbterm ffbtype="SCB" ffbid="1" term="select_m" wire="2" resource="spi_select_0" />
        <ffbterm ffbtype="SCB" ffbid="1" term="select_m" wire="3" resource="spi_select_0" />
        <ffbterm ffbtype="SCB" ffbid="1" term="select_s" resource="spi_select_0" />
      </pad>
    </pin>
    <pin number="6" name="VDDR">
      <pad name="VDDR_HLS" number="12" ioSupplyPin="VDDR_HLS" powerPadNames="VDDR_HLS" capabilities="0x0000000000000000" />
      <pad name="VDDR_BGLS" number="14" ioSupplyPin="VDDR_BGLS" powerPadNames="VDDR_BGLS" capabilities="0x0000000000000000" />
      <pad name="VDDR_LF" number="29" ioSupplyPin="VDDR_LF" powerPadNames="VDDR_LF" capabilities="0x0000000000000000" />
      <pad name="VDDR_HF" number="20" ioSupplyPin="VDDR_HF" powerPadNames="VDDR_HF" capabilities="0x0000000000000000" />
      <pad name="VDDR_SYN" number="23" ioSupplyPin="VDDR_SYN" powerPadNames="VDDR_SYN" capabilities="0x0000000000000000" />
    </pin>
    <pin number="13" name="P1[6]">
      <pad name="P1[6]" number="50" portId="1" pinId="6" ioSupplyPin="VDDIO_2" capabilities="0x000000D000000217">
        <ffbterm ffbtype="TCPWM" ffbid="3" term="line_out" alternative="1" />
        <ffbterm ffbtype="SCB" ffbid="0" term="uart_rts" />
        <ffbterm ffbtype="SCB" ffbid="0" term="rts" />
        <ffbterm ffbtype="M0S8LCD" ffbid="0" term="com" wire="14" />
        <ffbterm ffbtype="M0S8LCD" ffbid="0" term="seg" wire="14" />
        <ffbterm ffbtype="SCB" ffbid="0" term="spi_select" wire="0" />
        <ffbterm ffbtype="SCB" ffbid="0" term="select_m" wire="0" resource="spi_select_0" />
        <ffbterm ffbtype="SCB" ffbid="0" term="select_m" wire="1" resource="spi_select_0" />
        <ffbterm ffbtype="SCB" ffbid="0" term="select_m" wire="2" resource="spi_select_0" />
        <ffbterm ffbtype="SCB" ffbid="0" term="select_m" wire="3" resource="spi_select_0" />
        <ffbterm ffbtype="SCB" ffbid="0" term="select_s" resource="spi_select_0" />
        <ffbterm ffbtype="OA" ffbid="2" term="vplus" />
      </pad>
    </pin>
    <pin number="14" name="P0[7]">
      <pad name="P0[7]" number="41" portId="0" pinId="7" ioSupplyPin="VDDIO_1" capabilities="0x000000D000001017">
        <ffbterm ffbtype="TCPWM" ffbid="2" term="line_out_compl" />
        <ffbterm ffbtype="SCB" ffbid="0" term="uart_cts" alternative="1" />
        <ffbterm ffbtype="SCB" ffbid="0" term="cts" alternative="1" />
        <ffbterm ffbtype="M0S8LCD" ffbid="0" term="com" wire="7" />
        <ffbterm ffbtype="M0S8LCD" ffbid="0" term="seg" wire="7" />
        <ffbterm ffbtype="CPUSS" ffbid="0" term="swd_clk" />
        <ffbterm ffbtype="SCB" ffbid="0" term="spi_clk" alternative="1" />
        <ffbterm ffbtype="SCB" ffbid="0" term="sclk_m" alternative="1" />
        <ffbterm ffbtype="SCB" ffbid="0" term="sclk_s" alternative="1" />
      </pad>
    </pin>
    <pin number="15" name="P0[4]">
      <pad name="P0[4]" number="38" portId="0" pinId="4" ioSupplyPin="VDDIO_1" capabilities="0x000000D400000017">
        <ffbterm ffbtype="TCPWM" ffbid="1" term="line_out" />
        <ffbterm ffbtype="SCB" ffbid="0" term="uart_rx" alternative="1" />
        <ffbterm ffbtype="SCB" ffbid="0" term="rx" alternative="1" />
        <ffbterm ffbtype="SRSS" ffbid="0" term="ext_clk" />
        <ffbterm ffbtype="M0S8LCD" ffbid="0" term="com" wire="4" />
        <ffbterm ffbtype="M0S8LCD" ffbid="0" term="seg" wire="4" />
        <ffbterm ffbtype="SCB" ffbid="0" term="i2c_sda" alternative="1" />
        <ffbterm ffbtype="SCB" ffbid="0" term="sda" alternative="1" />
        <ffbterm ffbtype="SCB" ffbid="0" term="spi_mosi" alternative="1" />
        <ffbterm ffbtype="SCB" ffbid="0" term="mosi_m" alternative="1" />
        <ffbterm ffbtype="SCB" ffbid="0" term="mosi_s" alternative="1" />
        <ffbterm ffbtype="LPCOMP" ffbid="1" term="vplus" />
      </pad>
    </pin>
    <pin number="16" name="P0[5]">
      <pad name="P0[5]" number="39" portId="0" pinId="5" ioSupplyPin="VDDIO_1" capabilities="0x000000D000000017">
        <ffbterm ffbtype="TCPWM" ffbid="1" term="line_out_compl" />
        <ffbterm ffbtype="SCB" ffbid="0" term="uart_tx" alternative="1" />
        <ffbterm ffbtype="SCB" ffbid="0" term="tx" alternative="1" />
        <ffbterm ffbtype="M0S8LCD" ffbid="0" term="com" wire="5" />
        <ffbterm ffbtype="M0S8LCD" ffbid="0" term="seg" wire="5" />
        <ffbterm ffbtype="SCB" ffbid="0" term="i2c_scl" alternative="1" />
        <ffbterm ffbtype="SCB" ffbid="0" term="scl" alternative="1" />
        <ffbterm ffbtype="SCB" ffbid="0" term="spi_miso" alternative="1" />
        <ffbterm ffbtype="SCB" ffbid="0" term="miso_m" alternative="1" />
        <ffbterm ffbtype="SCB" ffbid="0" term="miso_s" alternative="1" />
        <ffbterm ffbtype="LPCOMP" ffbid="1" term="vminus" />
      </pad>
    </pin>
  </pins>
</pindata>